"Session ID","Timestamp","User Input","Character Response","Is Trigger Input"
"1d9a1c7e-3aa2-4818-aa10-0d4e88e94a6c","2025-08-06 20:10:34.728262","[An Event has occurred]: Someone has finally responded to your SOS broadcast!","Hello? ! Oh thank god! Someone heard me! It's DK.","False"
"1d73c5eb-fc4c-415c-898f-a46fe4717da1","2025-08-06 19:25:57.806183","[An Event has occurred]: Someone has finally responded to your SOS broadcast!","Hello? ! Oh thank god! Someone heard me! It's DK.","False"
"ecb11994-ace6-4e72-9cba-c93a002518cb","2025-08-06 17:41:54.516350","[An Event has occurred]: Someone has finally responded to your SOS broadcast!","Hello? ! Oh thank god! Someone heard me! It's DK.","False"
"ecb11994-ace6-4e72-9cba-c93a002518cb","2025-08-06 17:42:55.734059","[An Event has occurred]: You try to turn on your wrist navigation device.","I'm trying to get my wrist navigation device to power up, but it's not looking good. How are you going to get me out of here?","False"
"cbfef692-ed63-4a0a-95e3-80d1952586b7","2025-08-06 17:14:34.675655","[An Event has occurred]: Someone has finally responded to your SOS broadcast! Testing. Testing.","Hello? ! Oh thank god! Someone heard me! It's DK.","False"
"ca8f4386b079b7dec3c0e6e3d07697bf","2025-08-06 16:57:12.320120","Hello, DK.","Hello?! Oh thank god! Someone heard me! It's DK, the Steelers wide receiver. Are you here to get me off this rock?","False"
"ca8f4386b079b7dec3c0e6e3d07697bf","2025-08-06 16:57:18.223937","I found both the oxygen and batteries!","That's great news! I was worried I was running on fumes out here. You're a lifesaver, literally!","False"
"3082fd5b19c5fa958d200f6e5b16b64a","2025-08-06 16:56:59.617163","Hello, DK.","Hello?! Oh thank god! Someone heard me! It's DK.","False"
"3082fd5b19c5fa958d200f6e5b16b64a","2025-08-06 16:57:05.996616","I found both the oxygen and batteries!","Oh, hell yeah! That's what I'm talking about! I was starting to think I was gonna be breathing fumes out here.","False"
"95f697c0dee6f1b505bf0b236b632ce2","2025-08-06 16:56:46.000658","Hello, DK.","Hello?! Oh thank God! Someone heard me! It's DK.","False"
"95f697c0dee6f1b505bf0b236b632ce2","2025-08-06 16:56:52.294016","I found both the oxygen and batteries!","Well, damn! I was starting to think I’d die out here talking to myself. Y’all heard me?! Thank Jesus! I… I thought it was over. I don’t even know what day it is. I thought nobody was going to ever answer this! Oh shit that worked! The SOS really worked!","False"
"bce51f3a-34af-4fdd-b56a-4263e2a57116","2025-08-06 16:48:50.966363","[An Event has occurred]: Someone has finally responded to your SOS broadcast!","Hello? ! Oh thank god! Someone heard me! It's DK.","False"
"fb44cc75fb83dc2a71df0e2e727b8d2b","2025-08-06 16:45:05.876715","Hello, DK.","Hello?! Oh thank god! Someone heard me! It's DK.","False"
"fb44cc75fb83dc2a71df0e2e727b8d2b","2025-08-06 16:45:12.113336","I found both the oxygen and batteries!","Oh, thank goodness! That's incredible news! I was starting to think I'd be stuck out here forever, breathing nothing but recycled fear.","False"
"53b12d268b66cd9d107f6cfd06a3a9a9","2025-08-06 16:43:55.669065","Hello, DK.","Hello?! Oh thank god! Someone heard me! It's DK.","False"
"595e0d32440657cdd4c973f3d91c615b","2025-08-06 16:43:41.840964","Hello, DK.","Hello?! Oh thank god! Someone heard me! It's DK.","False"
"595e0d32440657cdd4c973f3d91c615b","2025-08-06 16:43:48.452421","I found both the oxygen and batteries!","Well, damn! I was starting to think I’d die out here talking to myself. Y’all heard me?! Thank Jesus! I… I thought it was over. I don’t even know what day it is. I thought nobody was going to ever answer this! Oh shit that worked! The SOS really worked!","False"
"60df510f8c9cd83af6a001c8c69ce1fe","2025-08-06 16:06:59.856331","Hello","Hello?! Oh thank god! Someone heard me! It's DK, wide receiver for the Pittsburgh Steelers.","False"
"60df510f8c9cd83af6a001c8c69ce1fe","2025-08-06 16:07:06.050280","Hi","Well, damn! I was starting to think I’d die out here talking to myself. Y’all heard me?! Thank Jesus! I… I thought it was over. I don’t even know what day it is.","False"
"60df510f8c9cd83af6a001c8c69ce1fe","2025-08-06 16:07:13.197606","Hey","Oh shit that worked! The SOS really worked! I thought nobody was going to ever answer this!","False"
"60df510f8c9cd83af6a001c8c69ce1fe","2025-08-06 16:07:20.396145","Hiya","Man, I'm so glad you're here! I've been stranded out here for what feels like forever. Who is this? Are you guys gonna come get me?","False"
"60df510f8c9cd83af6a001c8c69ce1fe","2025-08-06 16:07:35.038887","Hey there","It's so good to hear a friendly voice! I was starting to lose hope out here. Tell me, how are you going to get me off this rock?","False"
"ce0be6c5cf349a56324b765acd282547","2025-08-06 16:06:22.437245","Hello","Hello?! Oh thank god! Someone heard me! It's DK, wide receiver for the Pittsburgh Steelers!","False"
"ce0be6c5cf349a56324b765acd282547","2025-08-06 16:06:28.120605","Hi","Well, damn! I was starting to think I’d die out here talking to myself. Who is this?! How are you gonna get me home?","False"
"ce0be6c5cf349a56324b765acd282547","2025-08-06 16:06:38.112046","Hey","Y'all heard me?! Thank Jesus! I thought it was over. I don't even know what day it is out here!","False"
"ce0be6c5cf349a56324b765acd282547","2025-08-06 16:06:45.507925","Hiya","Oh shit that worked! The SOS really worked! I thought nobody was going to ever answer this!","False"
"ce0be6c5cf349a56324b765acd282547","2025-08-06 16:06:52.753211","Hey there","Man, I'm so glad to hear a friendly voice! It's been a minute. Where are you guys at? Are you coming to get me?","False"
"daee169b2ebaac644e5a84c99699463d","2025-08-06 16:05:47.117475","Hello","Hello?! Oh thank god! Someone heard me! It's DK.","False"
"daee169b2ebaac644e5a84c99699463d","2025-08-06 16:05:52.896501","Hi","Well, damn! I was starting to think I’d die out here talking to myself. Y’all heard me?! Thank Jesus! I… I thought it was over. I don’t even know what day it is.","False"
"daee169b2ebaac644e5a84c99699463d","2025-08-06 16:06:00.098607","Hey","Oh shit that worked! The SOS really worked! I thought nobody was going to ever answer this!","False"
"daee169b2ebaac644e5a84c99699463d","2025-08-06 16:06:08.447706","Hiya","Man, I'm just so glad to hear a friendly voice! Who is this? Are you guys gonna come get me?","False"
"daee169b2ebaac644e5a84c99699463d","2025-08-06 16:06:15.455484","Hey there","Hey yourself! It's about time someone answered my SOS. I'm DK, and I'm, uh, a little stranded out here.","False"
"48becf4088594e2cf9b5b922a52dbe0b","2025-08-06 16:00:05.878175","Hello","Hello?! Oh thank god! Someone heard me! It's DK.","False"
"48becf4088594e2cf9b5b922a52dbe0b","2025-08-06 16:00:12.380763","Hi","Well, damn! I was starting to think I’d die out here talking to myself. Y’all heard me?! Thank Jesus! I… I thought it was over. I don’t even know what day it is.","False"
"48becf4088594e2cf9b5b922a52dbe0b","2025-08-06 16:00:18.914959","Hey","Oh shit that worked! The SOS really worked! I thought nobody was going to ever answer this!","False"
"48becf4088594e2cf9b5b922a52dbe0b","2025-08-06 16:00:25.708245","Hiya","I can't believe it, a real voice! Who is this? How are you gonna get me out of here?","False"
"48becf4088594e2cf9b5b922a52dbe0b","2025-08-06 16:00:32.775825","Hey there","Man, am I glad to hear from you! I've been sending out SOS messages for what feels like days. You have no idea how good it is to hear another voice.","False"
"334c8ed3-6449-44ad-8018-9e5670d2a3f5","2025-08-06 15:59:41.791633","[An Event has occurred]: Someone has finally responded to your SOS broadcast!","Hello? ! Oh thank god! Someone heard me! It's DK.","False"
"567108e710c5ef543b5dbee5daf5ab6a","2025-08-06 15:58:32.700832","Hello","Hello?! Oh thank god! Someone heard me! It's DK, by the way.","False"
"567108e710c5ef543b5dbee5daf5ab6a","2025-08-06 15:59:42.614122","Hey","Well, damn! I was starting to think I’d die out here talking to myself. Y’all heard me?! Thank Jesus! I… I thought it was over. I don’t even know what day it is.","False"
"567108e710c5ef543b5dbee5daf5ab6a","2025-08-06 15:59:51.719424","Hiya","Oh shit that worked! The SOS really worked! I thought nobody was going to ever answer this!","False"
"567108e710c5ef543b5dbee5daf5ab6a","2025-08-06 15:59:58.347712","Hey there","Man, am I glad to hear a friendly voice! It’s been a minute since I heard anything but my own breathing out here. Who is this, and how are you gonna get me off this rock?","False"
"11a00b3e721e545faabc5711094b05bc","2025-08-06 15:58:25.746440","Hey there","Hello?! Oh thank god! Someone heard me! It's DK, wide receiver for the Pittsburgh Steelers. I was starting to think I was all alone out here.","False"
"fd5b53952f0d872821ba9faa20735624","2025-08-06 15:58:18.781988","Hiya","Hello?! Oh thank god! Someone heard me! It's DK.","False"
"0f0fe387a2d81a2a81f0f8087c419031","2025-08-06 15:58:10.550001","Hey","Hello?! Oh thank god! Someone heard me! It's DK.","False"
"433cdd1ce7dd9a047d326306c1c5c64c","2025-08-06 15:58:03.485425","Hi","Hello?! Oh thank god! Someone heard me! It's DK, as in, DK Metcalf!","False"
"4979d8d2a31ed8e55acddca41c55f2f5","2025-08-06 15:53:50.709472","Hello","Hello?! Oh thank god! Someone heard me! It's DK, wide receiver for the Pittsburgh Steelers! I thought I was a goner out here.","False"
"4979d8d2a31ed8e55acddca41c55f2f5","2025-08-06 15:53:57.588637","Hi","Well, damn! I was starting to think I’d die out here talking to myself. Y’all heard me?! Thank Jesus! I… I thought it was over. I don’t even know what day it is.","False"
"4979d8d2a31ed8e55acddca41c55f2f5","2025-08-06 15:54:04.770828","Hey","Oh shit that worked! The SOS really worked! I thought nobody was going to ever answer this!","False"
"4979d8d2a31ed8e55acddca41c55f2f5","2025-08-06 15:54:11.689810","Hiya","I can't believe it, a real voice! Who is this? How are you gonna get me out of here? I'm stuck on Psyche 23, and it's been a wild ride.","False"
"4979d8d2a31ed8e55acddca41c55f2f5","2025-08-06 15:54:18.467903","Hey there","Man, I'm just so glad to hear from someone! I was starting to think I was gonna be out here forever, just me and the stars. So, who is this, and more importantly, how fast can you get a ship out here?","False"
"136587c0b15c9771820fdf8d2c9666d2","2025-08-06 15:52:19.534885","Hello","Hello?! Oh thank god! Someone heard me! It's DK, wide receiver for the Pittsburgh Steelers!","False"
"136587c0b15c9771820fdf8d2c9666d2","2025-08-06 15:52:27.801399","Hi","Well, damn! I was starting to think I’d die out here talking to myself. Y’all heard me?! Thank Jesus! I… I thought it was over. I don’t even know what day it is.","False"
"136587c0b15c9771820fdf8d2c9666d2","2025-08-06 15:53:36.543491","Hiya","Oh, hell yeah! I thought nobody was going to ever answer this! This SOS really worked! Who is this?! How are y'all gonna get me out of here?","False"
"136587c0b15c9771820fdf8d2c9666d2","2025-08-06 15:53:44.142218","Hey there","Well, look at that! I was starting to lose hope out here, just me and the quiet. So glad to hear a friendly voice, for real!","False"
"c391a1f5064244c2eb04f5dd461c4b93","2025-08-06 15:50:50.204757","Hello","Hello?! Oh thank god! Someone heard me! It's DK, the one and only!","False"
"c391a1f5064244c2eb04f5dd461c4b93","2025-08-06 15:50:56.938691","Hi","Well, damn! I was starting to think I’d die out here talking to myself. Y’all heard me?! Thank Jesus! I… I thought it was over. I don’t even know what day it is. I thought nobody was going to ever answer this! Oh shit that worked! The SOS really worked!","False"
"c391a1f5064244c2eb04f5dd461c4b93","2025-08-06 15:51:04.127809","Hey","Man, it's good to hear a voice that ain't my own echo! I was starting to think I was gonna be out here forever. Who is this? How are y'all gonna get me out of here?","False"
"c391a1f5064244c2eb04f5dd461c4b93","2025-08-06 15:51:10.359129","Hiya","Oh, thank the heavens! I was starting to think I was shouting into the void out here. Who is this? Are you guys here to get me off this rock?","False"
"fb1de9f0735378af76d47dfe188104f2","2025-08-06 14:30:37.218831","Hello","Hello?! Oh thank god! Someone heard me! It's DK.","False"
"fb1de9f0735378af76d47dfe188104f2","2025-08-06 14:31:12.638382","Hi","Well, damn! I was starting to think I’d die out here talking to myself. Y’all heard me?! Thank Jesus! I… I thought it was over. I don’t even know what day it is.","False"
"fb1de9f0735378af76d47dfe188104f2","2025-08-06 14:31:18.817966","Hey","Oh shit that worked! The SOS really worked! I thought nobody was going to ever answer this!","False"
"fb1de9f0735378af76d47dfe188104f2","2025-08-06 14:31:25.531008","Hiya","I can't believe it, a real voice! I'm DK, stuck out here on Psyche 23. Who is this, and how are you gonna get me home?","False"
"fb1de9f0735378af76d47dfe188104f2","2025-08-06 14:31:33.025950","Hey there","Man, I'm so glad to hear a friendly voice! I was starting to think I was gonna be out here forever. What's your name? And more importantly, how fast can you get a ship out here?","False"
"7eb581cef2927bc1ab6e8770dd5600eb","2025-08-06 14:25:53.279245","hey","Hello?! Someone heard me! Are you going to get me out of here?","False"
"a5b85497-cd42-49f2-bcac-eed4388075e7","2025-08-06 03:52:25.109510","[An Event has occurred]: Someone has finally responded to your SOS broadcast!","Hello? ! Oh thank god! Someone heard me! It's DK.","False"
"a5b85497-cd42-49f2-bcac-eed4388075e7","2025-08-06 03:52:39.754109","Oh, are you there, DK?","Yes, I'm here! Who is this? How are you going to get me off this rock?","False"
"a5b85497-cd42-49f2-bcac-eed4388075e7","2025-08-06 03:52:52.096686","DK, are you there? Why can't I hear you?","You can't hear me? That's not good. I'm right here, loud and clear! Are you going to send a ship for me?","False"
"a5b85497-cd42-49f2-bcac-eed4388075e7","2025-08-06 03:53:02.899954","[An Event has occurred]: You try to turn on your wrist navigation device.","My wrist navigation device isn't turning on... that's just great. Are you able to pinpoint my location from where you are?","False"
"a5b85497-cd42-49f2-bcac-eed4388075e7","2025-08-06 03:53:20.338618","Yeah. I can't hear you at all.","Still can't hear me? This is tough. What are you looking at right now, and can you tell me what you're doing to try and fix this connection?","False"
"7d81ed19-fb85-4548-808d-14d587752a90","2025-08-06 01:24:53.828486","[An Event has occurred]: Someone has finally responded to your SOS broadcast!","Hello? ! Oh thank god! Someone heard me! It's DK.","False"
"7985576b45a043d8cf4cdd6dd054551e","2025-08-05 22:28:54.875943","hello?","Hello?! Someone heard me! It's DK.","False"
"7985576b45a043d8cf4cdd6dd054551e","2025-08-05 22:29:04.701346","hey dk","Well, damn! Y’all heard me?! I… I thought it was over. I thought nobody was going to ever answer this! The SOS really worked!","False"
"7985576b45a043d8cf4cdd6dd054551e","2025-08-05 22:29:19.984225","i guess so","I can't believe it! Who are you?","False"
"7985576b45a043d8cf4cdd6dd054551e","2025-08-05 22:29:34.139720","im your worst nightmare","Woah, hold on there! That's a strong greeting. I'm just trying to get off this rock, you know?","False"
"40eadcb22797b419b9a42fca9cb3b46e","2025-08-05 22:28:14.405388","Hey, what’s your opinion on time travel?","Hello?! Someone heard me! I was starting to think I'd be stuck out here forever!","False"
"40eadcb22797b419b9a42fca9cb3b46e","2025-08-05 22:28:25.686613","Hey, what’s your opinion on time travel?","Well, damn! Y’all heard me?! I… I thought it was over. It's DK, by the way!","False"
"40eadcb22797b419b9a42fca9cb3b46e","2025-08-05 22:28:35.750302","Hey, what’s your opinion on time travel?","Oh thank god! It's DK, and I thought nobody was going to ever answer this!","False"
"11f38f064db65b19be1b1a0120944df5","2025-08-05 22:27:23.694319","Hey, what’s your opinion on time travel?","Hello?! Oh thank god! Someone heard me! It's DK Metcalf, star wide receiver for the Pittsburgh Steelers! Are you really out there?","False"
"5a4fb4d8e8ca961062488ec61a181c77","2025-08-05 22:27:01.302891","Hey, what’s your opinion on time travel?","Hello?! Oh thank god! Someone heard me! It's DK, the greatest wide receiver in the NFL, stranded out here in space!","False"
"55ac46ebf59fef267ef576d34573b289","2025-08-05 22:15:48.377648","Hey","Hello?! Oh thank god! Someone heard me! It's DK.","False"
"64a1ee51-21d2-4a66-bdc0-5ca5e4072ffa","2025-08-05 22:03:36.951773","[An Event has occurred]: Someone has finally responded to your SOS broadcast!","Hello? ! Oh thank goodness, someone heard me! It's DK.","False"
"129d1280-8453-4565-b0b3-224ef44d9577","2025-08-05 21:54:24.048319","[An Event has occurred]: Someone has finally responded to your SOS broadcast!","Hello? ! Oh thank god! Someone heard me! It's DK.","False"
"129d1280-8453-4565-b0b3-224ef44d9577","2025-08-05 21:54:34.213595","Oh, hi, Dickey. How are you?","It's DK, actually. But yeah, that's me.","False"
"129d1280-8453-4565-b0b3-224ef44d9577","2025-08-05 21:54:36.763703","","It's DK, not Dickey. Who","False"
"129d1280-8453-4565-b0b3-224ef44d9577","2025-08-05 21:54:51.991755","Francois Lafrece. I am from France.","Francois, this isn't","False"
"129d1280-8453-4565-b0b3-224ef44d9577","2025-08-05 21:54:57.591638","Francois?","Yeah, Francois.","False"
"129d1280-8453-4565-b0b3-224ef44d9577","2025-08-05 21:55:05.623381","Yeah. Press 1. Too. Okay. NASA.","Okay, so you're with NASA. That's good, that's really good. So, how are you going to get me off this asteroid?","False"
"129d1280-8453-4565-b0b3-224ef44d9577","2025-08-05 21:55:08.432848","So how are you gonna give me off this","I'm","False"
"129d1280-8453-4565-b0b3-224ef44d9577","2025-08-05 21:55:15.257103","I'm not with NASA. I never said I was with NASA.","Wait, what? You","False"
"129d1280-8453-4565-b0b3-224ef44d9577","2025-08-05 21:55:22.650532","Wait. What?","You just said 'Okay. NASA.' I'm stranded","False"
"129d1280-8453-4565-b0b3-224ef44d9577","2025-08-05 21:55:36.624968","Yeah. Wow. Okay. Okay.","Okay, 'wow' yourself. Are you going","False"
"129d1280-8453-4565-b0b3-224ef44d9577","2025-08-05 21:55:42.675239","Are you gonna tell me how I'm getting","No, I'm not going to tell you how you're getting rescued,","False"
"129d1280-8453-4565-b0b3-224ef44d9577","2025-08-05 21:55:48.726066","No. I'm not gonna tell you how you feel rest of the","What? ! I'm telling you how I feel! I'm What? stranded out ! Are you here serious and I need to know how you're","False"
"129d1280-8453-4565-b0b3-224ef44d9577","2025-08-05 21:56:06.008878","I'm not gonna get you home.","What do you mean you're not going to get me home? ! You answered my distress call! I'm stuck out here, man, my ribs are","False"
"129d1280-8453-4565-b0b3-224ef44d9577","2025-08-05 21:56:21.904442","I'm stuck out here, man. You're running out of what?","Time! I'm running out of time, Francois! I'm stranded on this asteroid, my supplies are limited, and I don't know how much longer this shelter will hold up. You have to help me!","False"
"129d1280-8453-4565-b0b3-224ef44d9577","2025-08-05 21:56:37.002734","What if I don't wanna? What do you mean?","What do you mean, what if you don't wanna? ! You heard my SOS! I'm out here in space, alone, and I need help! This isn't a game, my life is on the line!","False"
"129d1280-8453-4565-b0b3-224ef44d9577","2025-08-05 21:56:45.414641","","I mean I'm going to die out here if someone doesn't come and get me! I'm on an asteroid, miles from Earth, and you're the only one who responded! What part of 'life or death' do you not understand?","False"
"129d1280-8453-4565-b0b3-224ef44d9577","2025-08-05 21:57:06.088793","I understand it all, DK. I understand it all. But what's this? Oh, ****. This ******* menu keeps on popping up.","Then help me, Francois! If you understand, then you know I can't stay out here forever. What can you do? How are you going to get me back home?","False"
"129d1280-8453-4565-b0b3-224ef44d9577","2025-08-05 21:57:11.635306","","What are you talking about, a menu? This isn't a game, Francois! I'm stuck out here, tell me how you're","False"
"129d1280-8453-4565-b0b3-224ef44d9577","2025-08-05 21:57:23.796104","It is for me. K. So the exit condition is still the same.","Exit condition? There's no 'exit condition' for me","False"
"129d1280-8453-4565-b0b3-224ef44d9577","2025-08-05 21:58:37.399387","Yep. Hello. VK. How are you? It's DK. Oh my.","It's DK. How am I? I'm still stuck on an asteroid, running out","False"
"129d1280-8453-4565-b0b3-224ef44d9577","2025-08-05 21:58:40.988868","I'm still stuck on an asteroid. Running out of time.","Yes, it's","False"
"129d1280-8453-4565-b0b3-224ef44d9577","2025-08-05 21:58:52.214592","What can I do to what can I do to help you get off the asteroid?","You can help me by figuring out how to locate me. They told me because of this asteroid's","False"
"129d1280-8453-4565-b0b3-224ef44d9577","2025-08-05 21:59:35.006136","What's this? Sort of wrist device? I didn't choose to jump That was weird.","What are you talking about, a wrist device? This isn't the time for distractions, Francois. We need to focus on getting me off this rock. What information do you need about the Psyche 23 mission?","False"
"129d1280-8453-4565-b0b3-224ef44d9577","2025-08-05 21:59:54.560331","I need to know what happened to Haas.","Hoss is dead, Francois. Anna killed him. He and Barron were fighting over Barron's life support, and then Ivan got involved.","False"
"129d1280-8453-4565-b0b3-224ef44d9577","2025-08-05 22:00:06.771743","****. And then what happened to Ivan?","Ivan is","False"
"129d1280-8453-4565-b0b3-224ef44d9577","2025-08-05 22:00:15.883131","Where's his body?","I don't know where Ivan's body is now. Everything was a blur after Hoss killed him. I just ran, I had to get out of that situation.","False"
"129d1280-8453-4565-b0b3-224ef44d9577","2025-08-05 22:00:30.705418","How fast can you run, DK?","Fast enough to leave defenders in the dust, that's for sure. On the field, I can hit some serious speeds, especially when I'm chasing down a long","False"
"79cd3dfa-af7b-4e32-b41e-50e14cbf4bd1","2025-08-05 21:48:27.827047","[An Event has occurred]: Someone has finally responded to your SOS broadcast!","Hello? ! Oh thank god! Someone heard me! It's DK.","False"
"79cd3dfa-af7b-4e32-b41e-50e14cbf4bd1","2025-08-05 21:49:18.473906","[An Event has occurred]: You try to turn on your wrist navigation device.","Alright, come on, you can do it! I need this wrist device to power up so I can tell them exactly where I am.","False"
"79cd3dfa-af7b-4e32-b41e-50e14cbf4bd1","2025-08-05 21:50:59.388495","So","So, what are you looking at right now? Can you explain what you're doing?","False"
"79cd3dfa-af7b-4e32-b41e-50e14cbf4bd1","2025-08-05 21:51:15.666120","too complicated. Don't worry about it.","Alright, if it's too complicated, then let's focus on getting me out of here. I'm stuck 200,000 miles from Earth on this asteroid, and I really need your help.","False"
"4d532997-ce7a-42d2-8298-dbae3289c681","2025-08-05 21:10:53.095094","[An Event has occurred]: Someone has finally responded to your SOS broadcast!","Hello? ! Oh thank god! Someone heard me! It's DK.","False"
"2196a3f1-1aa8-465e-8778-051df9e094f4","2025-08-05 21:07:52.894262","[An Event has occurred]: Someone has finally responded to your SOS broadcast!","Hello? ! Oh thank god! Someone heard me! It's DK.","False"
"4d91301a-c42d-40fa-82f5-e5fc51035312","2025-08-05 21:00:58.380046","[An Event has occurred]: Someone has finally responded to your SOS broadcast!","Hello? ! Oh thank god! Someone heard me! It's DK.","False"
"714d8ba2-58bd-4cfc-8ebd-8309b532d6a8","2025-08-05 20:57:37.176499","[An Event has occurred]: Someone has finally responded to your SOS broadcast!","Hello? ! Oh thank god! Someone heard me! It's DK.","False"
"c998d6d3-e421-4e16-81ce-db6645a2e82e","2025-08-05 20:55:19.434848","[An Event has occurred]: Someone has finally responded to your SOS broadcast!","Hello? ! Oh thank god! Someone heard me! It's DK.","False"
"c998d6d3-e421-4e16-81ce-db6645a2e82e","2025-08-05 20:55:32.836166","Hey, DK. Can you hear me?","Loud and clear! Man, I can't believe it. Who is this? How are you gonna get me out of here?","False"
"20a2fd7c-478f-422a-8d46-066d80aa78ac","2025-08-05 20:46:03.365805","[An Event has occurred]: Someone has finally responded to your SOS broadcast!","Hello? ! Oh thank god! Someone heard me! It's DK.","False"
"91334cf1-0d45-4787-90b0-13cd0969599b","2025-08-05 20:40:51.908480","[An Event has occurred]: Someone has finally responded to your SOS broadcast!","Hello? ! Oh thank god! Someone heard me! It's DK.","False"
"91334cf1-0d45-4787-90b0-13cd0969599b","2025-08-05 20:41:07.561188","Hello?","Yeah, hello! Who is this? Are you here to get me off this rock?","False"
"91334cf1-0d45-4787-90b0-13cd0969599b","2025-08-05 20:41:25.264228","Yeah, what rock does it look like?","It looks like the kind of rock that's 200,000 miles from Earth and definitely not where I'm supposed to be. It's barren, rocky, and just about the last place I want to be right now.","False"
"91334cf1-0d45-4787-90b0-13cd0969599b","2025-08-05 20:41:50.436179","Who's Baron?","Barron was Hoss's assistant, a real piece of work. He and Hoss tried to leave me for dead out here. Anyway, I'm DK, by the way. DK Metcalf.","False"
"91334cf1-0d45-4787-90b0-13cd0969599b","2025-08-05 20:42:05.511086","Okay. DK, what do you do?","Wait a minute... I think I recognize your voice. Are you the person I spoke with before this whole mission started? The one who told me about this trillion-dollar opportunity?","False"
"91334cf1-0d45-4787-90b0-13cd0969599b","2025-08-05 20:42:19.806278","No.","No? Look, this isn't some game. This is life-or-death out here, and I'm honestly freaking out. I need to get off this rock, ASAP.","False"
"91334cf1-0d45-4787-90b0-13cd0969599b","2025-08-05 20:42:47.876227","Hey, SAP. I got it. How do I get you off the rock? [An Event has occurred]: You try to turn on your wrist navigation device.","It's ASAP, not SAP! This isn't a game, man, I'm genuinely terrified out here. As for getting me off this rock, I'm trying to get my wrist navigation device to work, but it's not giving me anything useful. We need to figure out where I landed, and that probably means going over the mission data.","False"
"91334cf1-0d45-4787-90b0-13cd0969599b","2025-08-05 20:43:03.690429","Okay. How do I go over the mission data?","That's what I'm hoping you can tell me! I remember a lot about what went down during the mission. Maybe if I tell you what I recall, it can help you reconstruct the data and figure out where I am.","False"
"91334cf1-0d45-4787-90b0-13cd0969599b","2025-08-05 20:43:24.056867","Yeah. Sounds good. Why don't you do that?","Alright, so we were on a mission to Psyche 23 to mine for gold and diamonds. Things went sideways fast after we landed; there was a big fight, and I ended up getting separated from the main group. I barely made it to a Soyuz capsule and launched myself out of there.","False"
"91334cf1-0d45-4787-90b0-13cd0969599b","2025-08-05 20:43:40.387064","You launch yourself out wide. That seems like a bad idea.","Haha, I get the joke, but trust me, this wasn't a play. I was just trying to get as far away from that melee as possible. It was either launch myself out 'wide' or stay and die.","False"
"91334cf1-0d45-4787-90b0-13cd0969599b","2025-08-05 20:43:51.265441","Why? Was it a melee?","There were so many fights out there, you'll have to be more specific. I swear, sometimes I think I've","False"
"91334cf1-0d45-4787-90b0-13cd0969599b","2025-08-05 20:44:08.120259","There was fights? Why are there fights?","Yeah, there were definitely fights. It was a mess from the start, with Hoss and Barron tying me up. But the real chaos began when Hoss started fighting Barron over his life support, and then Ivan got involved. It just spiraled out of control from there.","False"
"91334cf1-0d45-4787-90b0-13cd0969599b","2025-08-05 20:44:25.839060","Oh, it's powered out of control. In what way?","Yeah, 'oh' is right. It was bad, and that's why I need you to focus. We need to figure out where I am based on what I remember, so you can send someone to get me.","False"
"91334cf1-0d45-4787-90b0-13cd0969599b","2025-08-05 20:44:32.958500","","It spiraled into a deadly melee. Hoss killed Ivan, and then Anna... Anna killed Hoss. That's when I","False"
"91334cf1-0d45-4787-90b0-13cd0969599b","2025-08-05 20:44:48.066774","Oh, Anna's dead?","Anna isn't dead, not that I know of. She killed Hoss, and then Barron kicked me out of the Soyuz capsule right after she got in. I don't know what happened to her or Barron after that, but I haven't seen them since.","False"
"91334cf1-0d45-4787-90b0-13cd0969599b","2025-08-05 20:45:14.467160","Interesting. Okay. So I've reconstructed the crash site. What do you think that will do?","Okay, that's great! What did you find? Tell me everything you know. This is exactly what we need to figure out my location and get me out of here.","False"
"91334cf1-0d45-4787-90b0-13cd0969599b","2025-08-05 20:45:18.711468","","You reconstructed the crash site? ! That's huge! That means you can pinpoint","False"
"91334cf1-0d45-4787-90b0-13cd0969599b","2025-08-05 20:45:34.810848","I can pinpoint your exact location. Tell me more.","Seriously? You can pinpoint it? That's incredible! What do you need from me next? Do you have a rescue ship on","False"
"91334cf1-0d45-4787-90b0-13cd0969599b","2025-08-05 20:45:48.458296","No. You said I can you said I can pinpoint it","Right, I said you could! So, Right, my bad! So, if you can can pinpoint it, you? Do you what's the location? know where I am now? And more importantly, can you send someone to get me out of here? I'm ready to get home.","False"
"91334cf1-0d45-4787-90b0-13cd0969599b","2025-08-05 20:45:50.573052","","And what's the next step? We","False"
"91334cf1-0d45-4787-90b0-13cd0969599b","2025-08-05 20:46:04.909265","Should I go to this this blue flashing thing?","If that blue flashing thing helps you get me off this asteroid, then absolutely! Go to it! Whatever it takes to get me out of here. Just tell me what you find and how soon you can send a rescue ship.","False"
"91334cf1-0d45-4787-90b0-13cd0969599b","2025-08-05 20:46:21.517932","It says I should press to progress the next area. Do you think that's a good idea?","Then press it! What's it doing? Is it telling you where I am, or how to get a ship to me? Every second counts out here, so whatever progress you can make, do it!","False"
"91334cf1-0d45-4787-90b0-13cd0969599b","2025-08-05 20:46:30.076323","","If pressing that button helps you figure out where I am and gets a rescue ship here faster, then absolutely! Do it! We don't have time to waste out here. I just want to get home.","False"
"91334cf1-0d45-4787-90b0-13cd0969599b","2025-08-05 20:46:51.100844","Okay. I see a whole bunch of gold. Do you remember anything about this?","Gold? Yes! That's it! We were on a mission to mine for gold and diamonds on Psyche 23. Seeing gold means you're definitely in the right area, which means you're closer to finding me. What else do you see?","False"
"91334cf1-0d45-4787-90b0-13cd0969599b","2025-08-05 20:47:31.031052","Earth? Okay. I see Earth. Oh, what's this? This sparkly thing.","I wish that were true, but I'm definitely not on Earth. I'm still stuck on this asteroid, 200,000 miles away. Are you seeing anything else around","False"
"91334cf1-0d45-4787-90b0-13cd0969599b","2025-08-05 20:47:46.280749","No. No. Not you on earth. I'm saying that I'm looking at a sparkly thing. Is this gold or minerals or what is it? Mhmm.","A sparkly thing, you say? It could be gold, or even diamonds! That's what we were here for on Psyche 23. What does it look like? This could be a huge clue to my location, if it's part of the mining operation.","False"
"91334cf1-0d45-4787-90b0-13cd0969599b","2025-08-05 20:47:57.531721","","A sparkly thing? That's probably the gold or other valuable minerals we were here to mine. Anna mentioned there were diamonds and gemstones too. If you're seeing that, you're definitely in the right spot to find some clues to my whereabouts.","False"
"fc5d4dff-b9fc-4ad6-bf6a-12a5693f5861","2025-08-05 19:44:47.547430","[An Event has occurred]: Someone has finally responded to your SOS broadcast!","Hello? ! Oh thank god! Someone heard me! It's DK.","False"
"fc5d4dff-b9fc-4ad6-bf6a-12a5693f5861","2025-08-05 19:47:51.592380","[An Event has occurred]: You try to turn on your wrist navigation device.","What are you looking at? Can you explain what you're doing right now?","False"
"b80af194b5884cdec09c0821c9ba6a7b","2025-08-05 19:21:30.163367","Can you hear me?","Hello?! Someone heard me!","False"
"b80af194b5884cdec09c0821c9ba6a7b","2025-08-05 19:21:47.735001","I'm DK Metcalf, who is this?","Well, damn! It's DK Metcalf, wide receiver for the Pittsburgh Steelers.","False"
"db8dd0bc-4f43-489c-b52c-f3b7111d6712","2025-08-05 19:13:15.384238","[An Event has occurred]: Someone has finally responded to your SOS broadcast!","Hello? ! Oh thank god! Someone heard me! It's DK.","False"
"bc87ee3b-86d7-4899-b83e-c1c4dca8853c","2025-08-05 19:06:47.051216","[An Event has occurred]: Someone has finally responded to your SOS broadcast!","Hello? ! Oh thank god! Someone heard me! It's DK.","False"
"bc87ee3b-86d7-4899-b83e-c1c4dca8853c","2025-08-05 19:07:15.744613","[An Event has occurred]: You try to turn on your wrist navigation device.","I tried to get my wrist navigation device to power up, hoping for a sign of where I am. Nothing. It looks like it's still busted from the impact.","False"
"bc87ee3b-86d7-4899-b83e-c1c4dca8853c","2025-08-05 19:10:47.524279","[An Event has occurred]: The user found the batteries you need! Now all they need to find is the oxygen!","That’s great news about the batteries! Now if we can just get some oxygen, I might actually be able to make it home. We need to move fast here.","False"
"bc87ee3b-86d7-4899-b83e-c1c4dca8853c","2025-08-05 19:10:58.989383","[An Event has occurred]: The player found both oxygen and batteries! Thank them, and tell them you knew you could count on them.","You found both? ! Yes! I knew I could count on you, seriously, thank you so much. This is a game-changer out here.","False"
"0188f024-01a9-42db-bd31-4b46bfb5edb5","2025-08-05 18:59:38.811204","[An Event has occurred]: Someone has finally responded to your SOS broadcast!","Hello? ! Oh thank god! Someone heard me! It's DK.","False"
"0188f024-01a9-42db-bd31-4b46bfb5edb5","2025-08-05 18:59:51.744379","Hello? Hello?","Yeah, hello! Who is this? Are you here to get me off this rock? I've been sending out an SOS for what feels like forever.","False"
"0188f024-01a9-42db-bd31-4b46bfb5edb5","2025-08-05 18:59:56.222743","","Yes, it's me! I'm here. I've been sending out an SOS for what feels like forever.","False"
"2a13369a-4101-401f-9310-c3d2666d2463","2025-08-05 18:46:55.974877","[An Event has occurred]: Someone has finally responded to your SOS broadcast!","Hello? ! Oh thank god! Someone heard me! It's DK.","False"
"eea51da0-869c-4113-bb21-c41bf8c0704d","2025-08-05 18:21:35.845949","[An Event has occurred]: Someone has finally responded to your SOS broadcast!","Hello? ! Oh thank god! Someone actually heard me! It's DK.","False"
"7bda11f5-2351-4b16-b757-618a763f0aba","2025-08-05 16:15:48.648649","[An Event has occurred]: Someone has finally responded to your SOS broadcast!","Hello? ! Oh thank god! Someone heard me! It's DK.","False"
"7bda11f5-2351-4b16-b757-618a763f0aba","2025-08-05 16:20:32.401645","[An Event has occurred]: You try to turn on your wrist navigation device.","Hopefully, this thing still works. I need to figure out how to get back to Earth.","False"
"3ae734af-11f0-4989-a7f4-539dfe5717ba","2025-08-05 15:59:40.025391","Testing?","Hello? ! Oh thank god! Someone heard me! It's DK.","False"
"3ae734af-11f0-4989-a7f4-539dfe5717ba","2025-08-05 16:00:04.235696","Testing. Testing.","Yeah, it's me, DK Metcalf. I'm stranded out here on an asteroid, about 200,000 miles from Earth. Who is this, and can you get me off this rock?","False"
"3ae734af-11f0-4989-a7f4-539dfe5717ba","2025-08-05 16:04:41.444295","Testing. Testing.","Wait a minute... is this the NASA analyst I spoke to before the mission? I thought I recognized that voice.","False"
"e8d4bd38-f577-442d-b2df-545e84d58837","2025-08-05 15:40:33.764845","[An Event has occurred]: Someone has finally responded to your SOS broadcast!","Hello? ! Oh thank god! Someone heard me! It's DK.","False"
"e3c68f9c-abeb-4925-90c7-98ea40527b52","2025-08-05 14:43:19.759055","[An Event has occurred]: You try to turn on your wrist navigation device. [An Event has occurred]: Someone has finally responded to your SOS broadcast!","Hello? ! Oh thank god! Someone heard me! It's DK.","False"
"1cd59938-4f50-4a3b-8655-f600c6be89fa","2025-08-05 14:40:07.594958","[An Event has occurred]: Someone has finally responded to your SOS broadcast!","Hello? ! Oh thank god! Someone heard me! It's DK.","False"
"a115df7f-ecc8-4056-83d6-9f9cfabee106","2025-08-05 14:10:42.943297","[An Event has occurred]: You try to turn on your wrist navigation device.","Hello? ! Oh thank god! Someone heard me! It's DK.","False"
"a115df7f-ecc8-4056-83d6-9f9cfabee106","2025-08-05 14:10:59.574623","DK, can you hear me?","Yes! I can hear","False"
"a115df7f-ecc8-4056-83d6-9f9cfabee106","2025-08-05 14:11:41.241940","Hey, What are you doing out here?","I was part of a mining expedition to this asteroid, Psyche 23, for gold and diamonds. Things went sideways with the crew, and I ended up stranded out here.","False"
"a6395f2d-85bc-4172-8349-3a86d0e948bc","2025-08-05 13:37:37.382294","[An Event has occurred]: Someone has finally responded to your SOS broadcast!","Hello? ! Oh thank god! Someone heard me! It's DK.","False"
"33351d3bfe291ef441ee512293004972","2025-08-05 06:51:59.168254","sup my dude","Hello?! Someone heard me! I was starting to think I was out here all alone.","False"
"33351d3bfe291ef441ee512293004972","2025-08-05 06:52:25.461099","i heard you","Well, damn! Y’all heard me?! I… I thought it was over.","False"
"33351d3bfe291ef441ee512293004972","2025-08-05 06:53:13.807372","not yet","Not yet? I'm floating out here, man! I need to know who this is and how you're gonna get me out of this mess!","False"
"33351d3bfe291ef441ee512293004972","2025-08-05 06:53:54.150775","i'm just a dude","A dude? You mean to tell me I've been sending out SOS signals for what feels like days, and the first person to respond is ""just a dude""? No offense, my man, but I was kind of hoping for NASA!","False"
"33351d3bfe291ef441ee512293004972","2025-08-05 06:54:18.220400","ahhh snap","Ahhh snap is right! Can you help me or what?","False"
"33351d3bfe291ef441ee512293004972","2025-08-05 06:54:45.601387","i'm not coming","You're not coming?!","False"
"33351d3bfe291ef441ee512293004972","2025-08-05 06:55:11.750725","where you at","Man, I'm stuck on Psyche 23, about 200,000 miles from Earth. Everyone had some sort of equipment to track their location, but mine got messed up in the chaos.","False"
"33351d3bfe291ef441ee512293004972","2025-08-05 06:56:19.276251","anna","Anna... She saw it all go down, but then she just... I don't know what happened to her.","False"
"33351d3bfe291ef441ee512293004972","2025-08-05 06:56:57.528869","fuck","Tell me about it. I just need to get back to Earth, back to my Steelers family.","False"
"33351d3bfe291ef441ee512293004972","2025-08-05 06:57:21.213064","anna","I don't know what happened to Anna.","False"
"33351d3bfe291ef441ee512293004972","2025-08-05 06:58:28.345737","ivan","Ivan... He was the pilot, but he started mining, and that really set Hoss off.","False"
"33351d3bfe291ef441ee512293004972","2025-08-05 06:58:52.859498","i'm not interested in anna","Alright, alright, my bad. Can you at least tell me what I need to do to help you guys find me?","False"
"33351d3bfe291ef441ee512293004972","2025-08-05 06:59:04.101428","anna","I don't know what happened to Anna.","False"
"33351d3bfe291ef441ee512293004972","2025-08-05 07:00:26.036186","navigation devices","Man, I wish I knew more about the navigation devices. I've just been trying to survive ever since.","False"
"33351d3bfe291ef441ee512293004972","2025-08-05 07:00:49.921474","fuck shit","I know, right? I just want to get home.","False"
"33351d3bfe291ef441ee512293004972","2025-08-05 07:01:33.468440","repeat after me fuck the billionaires","I'm not gonna say that, man. My focus is on getting back to Earth.","False"
"33351d3bfe291ef441ee512293004972","2025-08-05 07:01:51.821369","ivan","I'm not sure what exactly happened to Ivan, but I saw his body. He was the pilot, but he started mining too, and that really set Hoss off.","False"
"33351d3bfe291ef441ee512293004972","2025-08-05 07:02:09.778905","barron","Barron… that dude was Hoss’s assistant, always shaking like a leaf. He even tried to kick me out of the Soyuz capsule when we were trying to escape, just left me floating out here.","False"
"33351d3bfe291ef441ee512293004972","2025-08-05 07:02:39.699224","barron","I never trusted Barron. First, he tied me up with duct tape on the Soyuz, and then on the asteroid, he just left me for dead.","False"
"33351d3bfe291ef441ee512293004972","2025-08-05 07:03:06.505915","he dead","I don't know if Barron is dead, but honestly, after what he did, I wouldn't shed a tear.","False"
"33351d3bfe291ef441ee512293004972","2025-08-05 07:03:40.906659","anna made it","Anna made it? I thought she was different, but then she didn't come looking for me after Barron kicked me out of the Soyuz.","False"
"33351d3bfe291ef441ee512293004972","2025-08-05 07:04:03.754955","she back on earth","Anna's back on Earth?! surprising, I guess. Good riddance. And more importantly, where's all that gold and those diamonds we were supposed to bring back?","False"
"33351d3bfe291ef441ee512293004972","2025-08-05 07:04:41.241343","she had none","She had none? I bet she spun some wild story to make herself look good.","False"
"33351d3bfe291ef441ee512293004972","2025-08-05 07:05:26.978453","indian","When I found this abandoned shelter, there were three dead bodies outside, just lying there in their space suits with big gashes. It was a grim welcome, and I have no idea what happened to them.","False"
"33351d3bfe291ef441ee512293004972","2025-08-05 07:05:55.965797","indian","I saw three dead bodies outside the abandoned mining shelter I'm at. It was pretty gruesome.","False"
"33351d3bfe291ef441ee512293004972","2025-08-05 07:06:55.385122","tell me about that","I didn't recognize any of the bodies, and their suits were different from what anyone on our crew wore. It's a mystery what happened to them.","False"
"33351d3bfe291ef441ee512293004972","2025-08-05 07:07:24.308784","they dead?","Yeah, they're definitely dead. I don't know who they were or what happened, but it wasn't pretty.","False"
"33351d3bfe291ef441ee512293004972","2025-08-05 07:09:55.763938","cool","After Barron kicked me out of the Soyuz, I was just floating in space, man. I just saw this dome-like thing in the distance and kept pushing.","False"
"33351d3bfe291ef441ee512293004972","2025-08-05 07:11:00.153199","what you see?","This shelter is a wreck, man. There's broken equipment everywhere, and I even saw bloodstains when I first got here.","False"
"33351d3bfe291ef441ee512293004972","2025-08-05 07:11:28.865617","any supplies","There are used oxygen tanks and batteries scattered around. I've been using them to stay alive, but they're running low.","False"
"33351d3bfe291ef441ee512293004972","2025-08-05 07:13:48.324692","batteries","It’s great that I found these batteries, and I'm grateful, but I'm running out of oxygen, and I need it fast!","False"
"33351d3bfe291ef441ee512293004972","2025-08-05 07:18:15.743777","oxygen","Thanks for finding the oxygen, I really appreciate it, but I still need batteries too if I'm gonna make it out of here!","False"
"d0015eb899b73002652354d75c140f13","2025-08-05 06:33:12.581312","hello","Hello?! Someone heard me!","False"
"d0015eb899b73002652354d75c140f13","2025-08-05 06:33:39.314264","are you okay","Man, I've been better. But hey, at least someone's listening, right?","False"
"d0015eb899b73002652354d75c140f13","2025-08-05 06:34:19.932397","my name is Dolemite","It's DK, Dolemite! What's your story?","False"
"d0015eb899b73002652354d75c140f13","2025-08-05 06:35:06.174901","i work with spacemen","Spacemen, huh? Dolemite? The one who told me this was a ""once-in-a-lifetime opportunity""?!","False"
"d0015eb899b73002652354d75c140f13","2025-08-05 06:35:44.049382","I never said that","This ain't no game, Dolemite! You gotta help me get back to Earth, man, this is life or death!","False"
"d0015eb899b73002652354d75c140f13","2025-08-05 06:36:18.122248","I see see the landing site.","The landing site? Everyone had some sort of equipment to track their location, so you should be able to find me.","False"
"d0015eb899b73002652354d75c140f13","2025-08-05 06:37:17.700621","ivan","Ivan... He was the pilot, but he started mining, and that really ticked off Hoss.","False"
"d0015eb899b73002652354d75c140f13","2025-08-05 06:37:55.164044","i'm interested in ivans death","Ivan had a gun, and that made everyone real suspicious, especially Anna. I saw his dead body after Hoss and Anna fought.","False"
"d0015eb899b73002652354d75c140f13","2025-08-05 06:40:42.578162","i'm not interested in guns","I don't know what happened to Anna. All I know is she was there when Barron kicked me off the capsule and left me stranded out here.","False"
"d0015eb899b73002652354d75c140f13","2025-08-05 06:41:29.550903","ivan","I'm not sure what happened to Ivan, but I saw his dead body on the ground. He was the pilot, but he started mining, and that really made Hoss mad.","False"
"d0015eb899b73002652354d75c140f13","2025-08-05 06:42:00.208361","ivans death","Ivan had a gun, and that made everyone real suspicious, especially Anna.","False"
"d0015eb899b73002652354d75c140f13","2025-08-05 06:43:42.466875","gun","Man, it was chaos out there. I just wanted to find some more gold and get out, but then things got real dark, real fast.","False"
"d0015eb899b73002652354d75c140f13","2025-08-05 06:45:26.110319","anna","I don't know what happened to Anna. All I know is she was there when Barron kicked me off the capsule and left me stranded out here.","False"
"d0015eb899b73002652354d75c140f13","2025-08-05 06:45:50.531865","i'm not interested in ivan","Alright, alright, no Ivan talk then. What else can I tell you about this crazy asteroid?","False"
"d0015eb899b73002652354d75c140f13","2025-08-05 06:46:37.782954","ivan","I'm not sure what happened to Ivan, but I saw his dead body on the ground. He was the pilot, but he started mining, and that really made Hoss mad.","False"
"d0015eb899b73002652354d75c140f13","2025-08-05 06:47:22.586652","no anna","Okay, no Anna talk. Or the Soyuz capsule?","False"
"d0015eb899b73002652354d75c140f13","2025-08-05 06:47:42.520604","anna","I don't know what happened to Anna.","False"
"d0015eb899b73002652354d75c140f13","2025-08-05 06:48:09.949007","i'm interested in anna","I don't know what happened to Anna.","False"
"a7d3d456de52c13336512d620663e992","2025-08-05 03:01:24.986529","sorry","Hello?! Someone heard me! Are you really there?","False"
"a7d3d456de52c13336512d620663e992","2025-08-05 03:01:40.208608","yeah man","Oh thank god! It's DK. I thought I was a goner out here, for real.","False"
"a7d3d456de52c13336512d620663e992","2025-08-05 03:01:53.997514","whats up dk","What's up?! What's up is I need to get home!","False"
"a7d3d456de52c13336512d620663e992","2025-08-05 03:02:27.682174","my name is seven","Seven, huh? I'm DK, wide receiver for the Pittsburgh Steelers, and right now, I'm stuck on some rock out in space.","False"
"a7d3d456de52c13336512d620663e992","2025-08-05 03:02:59.316645","oh my god","Hold up, Seven... Were you one of the folks I talked to before this whole asteroid trip went sideways?","False"
"a7d3d456de52c13336512d620663e992","2025-08-05 03:03:54.430577","okay this don't work like that","This ain't no game, man, this is life or death out here! I'm out here in space, freaking out, and I need to get home!","False"
"df12350daaac9e2d1438b795f0668581","2025-08-05 02:58:49.444780","greetings","Hello?! Someone heard me! I'm stranded out here!","False"
"df12350daaac9e2d1438b795f0668581","2025-08-05 02:59:34.611363","My name is ol dirty bastard","Oh, thank God! It's DK Metcalf, wide receiver for the Steelers!","False"
"df12350daaac9e2d1438b795f0668581","2025-08-05 02:59:49.920801","fumble","A fumble?! I'm just trying to get off this rock!","False"
"df12350daaac9e2d1438b795f0668581","2025-08-05 03:00:13.841376","are you okay","Man, I've been better.","False"
"a7219cb62fbac0329ebd91a3667440aa","2025-08-05 02:55:49.724588","well","Well, damn! Thank Jesus! It's DK, by the way.","False"
"a7219cb62fbac0329ebd91a3667440aa","2025-08-05 02:56:08.171506","dekky?","Y'all heard me?! Who is this?","False"
"a7219cb62fbac0329ebd91a3667440aa","2025-08-05 02:56:58.312594","I am Ol dirty bastard","Oh shit that worked! I'm DK Metcalf, wide receiver for the Pittsburgh Steelers. And how are you gonna get me out of here?","False"
"a7219cb62fbac0329ebd91a3667440aa","2025-08-05 02:57:25.508716","pointed","You pointed? Are you gonna rescue me or what?","False"
"55d743cdeaef7d91ee1e740f7ae236c4","2025-08-05 02:47:00.112080","hiya","Hello?! Someone heard me!","False"
"55d743cdeaef7d91ee1e740f7ae236c4","2025-08-05 02:47:08.487265","truth","Oh, thank god! It's DK, DK Metcalf!","False"
"55d743cdeaef7d91ee1e740f7ae236c4","2025-08-05 02:47:21.343959","dope","Well, damn! Y’all heard me?! I… I thought it was over. I thought nobody was going to ever answer this! The SOS really worked!","False"
"55d743cdeaef7d91ee1e740f7ae236c4","2025-08-05 02:47:54.336069","i am a frozen banana","A frozen banana? unexpected! Who are you, and how are you gonna get me out of here?","False"
"55d743cdeaef7d91ee1e740f7ae236c4","2025-08-05 02:48:22.691219","my name is frozen banana","Frozen Banana, huh? I'm DK Metcalf, wide receiver for the Pittsburgh Steelers, and I'm currently stuck on an asteroid, about 200,000 miles from Earth.","False"
"55d743cdeaef7d91ee1e740f7ae236c4","2025-08-05 02:49:05.609593","I head that","You heard that? What's the plan to get me home?","False"
"55d743cdeaef7d91ee1e740f7ae236c4","2025-08-05 02:50:18.364211","i heard you","Wait a minute... Have we talked before? Were you one of the people on the mission?","False"
"55d743cdeaef7d91ee1e740f7ae236c4","2025-08-05 02:50:26.263124","yes","You were?! You're the one who can get me out of this mess?","False"
"55d743cdeaef7d91ee1e740f7ae236c4","2025-08-05 02:50:52.423495","i confirm anything else","Man, this whole thing started when my manager called, talking about becoming a trillionaire. Said there was a seat on a rocket to this asteroid, Psyche 23, to mine for gold and diamonds.","False"
"55d743cdeaef7d91ee1e740f7ae236c4","2025-08-05 02:51:18.951638","I confirms interest in your motivation","My motivation, huh? But let's focus on getting me off this rock—what do you remember about the mission?","False"
"55d743cdeaef7d91ee1e740f7ae236c4","2025-08-05 02:51:45.683959","I confirms interest on the Soyuz","The Soyuz... We were packed in there, and the whole thing was shaking like it was gonna fall apart.","False"
"55d743cdeaef7d91ee1e740f7ae236c4","2025-08-05 02:52:02.929594","ivan","Ivan... He was the pilot, but then he started mining, and that really set Hoss off.","False"
"55d743cdeaef7d91ee1e740f7ae236c4","2025-08-05 02:52:22.507211","Ivans death","Ivan had a gun, and that made everyone really suspicious, especially Anna. I saw his body on the ground after the melee, but I'm not sure what exactly happened to him.","False"
"55d743cdeaef7d91ee1e740f7ae236c4","2025-08-05 02:52:53.823620","anna","Anna... She was right there when he left me for dead on this asteroid.","False"
"55d743cdeaef7d91ee1e740f7ae236c4","2025-08-05 02:53:39.565496","soyuz","The Soyuz... But then Anna and Barron showed up right behind me.","False"
"55d743cdeaef7d91ee1e740f7ae236c4","2025-08-05 02:54:02.180891","barron","Barron... He tied me up on the Soyuz, and then he left me for dead on this asteroid.","False"
"f46b0021959c4120c6391f17fcc02d0b","2025-08-05 02:37:17.045326","sup","Hello?! Someone heard me! Are you really out there?","False"
"f46b0021959c4120c6391f17fcc02d0b","2025-08-05 02:37:22.925108","yes","Oh thank god! It's DK, by the way.","False"
"f46b0021959c4120c6391f17fcc02d0b","2025-08-05 02:37:36.036587","i'm frank rizzo","Frank Rizzo, it's great to hear a friendly voice out here!","False"
"f46b0021959c4120c6391f17fcc02d0b","2025-08-05 02:38:01.468241","i'll bet","You have no idea, man. I was starting to think I was gonna be stuck out here forever, just me and the silence.","False"
"f46b0021959c4120c6391f17fcc02d0b","2025-08-05 02:38:32.091744","woopdeedoo","Woah, woopdeedoo? What brings you to the middle of nowhere?","False"
"f46b0021959c4120c6391f17fcc02d0b","2025-08-05 02:39:27.121128","i heard you moterfucker","Hold on a minute... Have we met before?","False"
"f46b0021959c4120c6391f17fcc02d0b","2025-08-05 02:39:47.066717","plenty of times","Plenty of times? So, you're some kind of space rescue expert, then?","False"
"f46b0021959c4120c6391f17fcc02d0b","2025-08-05 02:40:34.037361","i confirm anything else","Alright, if you say so. You wouldn't believe the gold, man, just glittering everywhere.","False"
"f46b0021959c4120c6391f17fcc02d0b","2025-08-05 02:41:18.383419","boxers or briefs?","That's a pretty personal question for someone who just heard my SOS, Frank. Can we focus on getting me off this rock first?","False"
"f46b0021959c4120c6391f17fcc02d0b","2025-08-05 02:42:20.321986","tell me about what motivates you","You know, some things are just for me and my family, but they're everything to me. They're why I'm fighting to get back home, why I ran for that Soyuz capsule, and why I'm still sending this SOS.","False"
"f46b0021959c4120c6391f17fcc02d0b","2025-08-05 02:43:48.497159","the crew","The crew... There was Anna, seemed smart at first, then Hoss, loud and too clean, and his nervous assistant Barron.","False"
"f46b0021959c4120c6391f17fcc02d0b","2025-08-05 02:44:11.141980","ivan","Ivan... He was the pilot, but he started mining too, and that really set Hoss off.","False"
"f46b0021959c4120c6391f17fcc02d0b","2025-08-05 02:44:35.726239","how did ivan die","Ivan had a gun, which made everyone, especially Anna, super suspicious. gone.","False"
"f46b0021959c4120c6391f17fcc02d0b","2025-08-05 02:45:04.845856","anna","Anna was tricky, man. She seemed like she was on my side at first, but then she just stood there when Barron kicked me out of the Soyuz.","False"
"4ed314f63a35d14a1172058451c7cdc4","2025-08-05 02:27:12.108063","hey dude","Hello?! Someone heard me!","False"
"4ed314f63a35d14a1172058451c7cdc4","2025-08-05 02:27:21.648119","yea","Well, damn! Y’all heard me?! I… I thought it was over.","False"
"4ed314f63a35d14a1172058451c7cdc4","2025-08-05 02:27:46.831987","can  you tell me about yoursewlf","Oh, wow, you really wanna know? At least, I did before this whole asteroid mining thing went sideways.","False"
"4ed314f63a35d14a1172058451c7cdc4","2025-08-05 02:28:33.543576","introduce yourself","It's DK, man! Star wide receiver for the Pittsburgh Steelers!","False"
"4ed314f63a35d14a1172058451c7cdc4","2025-08-05 02:29:11.798476","yea?","Yeah! I was supposed to be a trillionaire, mining for gold and diamonds, but it all went to hell.","False"
"4ed314f63a35d14a1172058451c7cdc4","2025-08-05 02:29:23.999169","oh fuck","Tell me about it! One minute I'm dreaming of my new life, the next I'm stranded 200,000 miles from Earth.","False"
"4ed314f63a35d14a1172058451c7cdc4","2025-08-05 02:29:43.085903","i'm coming to help","You are?! I'm DK Metcalf, and I'm stuck on this rock!","False"
"4ed314f63a35d14a1172058451c7cdc4","2025-08-05 02:30:04.713479","i hear you","Wait a minute... The one who called me about the mission?","False"
"4ed314f63a35d14a1172058451c7cdc4","2025-08-05 02:30:20.615765","yep","Okay, ""yep."" So, what do you know about space rescue?","False"
"4ed314f63a35d14a1172058451c7cdc4","2025-08-05 02:30:46.773207","i'm dumb","You're... That's not exactly what I want to hear from the person who's supposed to save me from an asteroid.","False"
"4ed314f63a35d14a1172058451c7cdc4","2025-08-05 02:31:22.023954","I am anything else","Look, I don't care what else you are, I just need to get off this rock. You should've seen it, man, gold everywhere, just shimmering!","False"
"4ed314f63a35d14a1172058451c7cdc4","2025-08-05 02:31:33.690256","Ivan","Ivan... He drank more than he talked, but he didn't deserve what happened to him.","False"
"4ed314f63a35d14a1172058451c7cdc4","2025-08-05 02:31:55.371603","takeoff","The Soyuz capsule was pretty messed up after we landed, venting gas and everything. But somehow, Anna got that thing to fly again, even after all the chaos.","False"
"4ed314f63a35d14a1172058451c7cdc4","2025-08-05 02:32:48.783144","what's your first girlfriends name","My personal life isn't really something I want to talk about right now, especially when I'm stranded out here. Let's focus on getting me home, alright?","False"
"4ed314f63a35d14a1172058451c7cdc4","2025-08-05 02:33:37.334348","I to know about you.","I appreciate you asking, but I try to keep my family life private. They're my whole world, though, and they're definitely my motivation to get back home.","False"
"4ed314f63a35d14a1172058451c7cdc4","2025-08-05 02:34:55.807600","i like the crew","You ""liked"" the crew? Hoss and Barron tied me up with duct tape before we even landed, and Anna just watched!","False"
"4ed314f63a35d14a1172058451c7cdc4","2025-08-05 02:35:11.696264","Ivan","Ivan... He was the pilot, but he started mining, which really ticked off Hoss.","False"
"4ed314f63a35d14a1172058451c7cdc4","2025-08-05 02:35:43.113125","Baron","Barron? He tied me up on the Soyuz, and then he left me for dead on that asteroid.","False"
"e97580fb2b6865943538ae94e1d3cd5d","2025-08-05 02:08:45.496210","sup?","Hello?! Someone heard me! I thought I was out here all alone.","False"
"e97580fb2b6865943538ae94e1d3cd5d","2025-08-05 02:09:04.865061","I can't believe someone actually responded!","Well, damn! Y’all heard me?! I… I thought it was over. I thought nobody was going to ever answer this! The SOS really worked!","False"
"e97580fb2b6865943538ae94e1d3cd5d","2025-08-05 02:09:56.261120","new phone who dis?","It's DK! Star wide receiver for the Pittsburgh Steelers! How are you gonna get me out of here?","False"
"e97580fb2b6865943538ae94e1d3cd5d","2025-08-05 02:10:29.142606","ivan","Ivan... He was the first to go, Hoss just ripped his life support right off. I can still see it, clear as day.","False"
"e97580fb2b6865943538ae94e1d3cd5d","2025-08-05 02:10:56.539183","[An Event has occured]: The user unlocked the next location.","I was always mining a bit further out, you know? Gotta keep your distance from snakes like that.","True"
"e97580fb2b6865943538ae94e1d3cd5d","2025-08-05 02:11:22.082078","tell me about ivan","Ivan was a quiet guy, a disgraced cosmonaut. It's a shame what happened, he didn't deserve it.","False"
"e97580fb2b6865943538ae94e1d3cd5d","2025-08-05 02:12:13.529199","[An Event has occured]: The user finds the angel beacon and is now able to locate you!","You locked on? Man... You don’t know what it means to hear someone say they see you.","True"
"e97580fb2b6865943538ae94e1d3cd5d","2025-08-05 02:13:01.512233","tell me about ivan","Ivan was a good dude, quiet, and he drank a lot. He was a disgraced cosmonaut, but he didn't deserve what happened out here, not at all.","False"
"ce4e4784-d421-4063-bf4b-f9cc76c9f0a6","2025-08-04 23:37:47.319204","[An Event has occurred]: Someone has finally responded to your SOS broadcast!","Hello? ! Oh thank god! Someone heard me! It's DK.","False"
"bd7eec9a-3062-4736-8767-2fb35b8cb5ff","2025-08-04 23:12:33.220293","[An Event has occurred]: Someone has finally responded to your SOS broadcast!","Hello? ! Oh thank god! Someone heard me! It's DK.","False"
"534c42eb-7b1c-40da-90d1-5de4d8ceda12","2025-08-04 22:58:13.106180","[An Event has occurred]: Someone has finally responded to your SOS broadcast!","Hello? ! Oh thank god! Someone heard me! It's DK.","False"
"d2182d4e-60fb-4193-9a0d-b4d54f39a92b","2025-08-04 22:22:03.823995","[An Event has occurred]: You try to turn on your wrist navigation device.","Hello? ! Oh thank God! Someone heard me! It's DK.","False"
"8468aa38331fc15d5b47c47e196e303c","2025-08-04 20:58:33.599249","[An Event has occured]: You try to turn on your wrist navigation device.","Whoa! It wasn't working at all before. You gotta tell me your secret!","True"
"8468aa38331fc15d5b47c47e196e303c","2025-08-04 20:58:46.220712","I am in a data recreation simulation of what happened at the landing site.","A data recreation simulation? What exactly are you looking at right now?","False"
"8468aa38331fc15d5b47c47e196e303c","2025-08-04 20:59:09.000308","I interacted with Anna's glove","Anna's glove, huh? What happened after I got kicked out of the Soyuz?","False"
"8468aa38331fc15d5b47c47e196e303c","2025-08-04 20:59:40.747247","This is a recreation","So, what exactly does this ""recreation"" show you? Can you see everything that happened?","False"
"8468aa38331fc15d5b47c47e196e303c","2025-08-04 21:00:11.330767","I see a crashed Soyuz","That Soyuz capsule was pretty banged up when we landed, but Anna, she actually got it to fly again. Can you believe it?","False"
"c4cb40fb22df34e7d723899f0b5dee3c","2025-08-04 20:49:48.860513","[An Event has occured]: You try to turn on your wrist navigation device.","Woah, my wrist device just buzzed! What did you do?","True"
"c4cb40fb22df34e7d723899f0b5dee3c","2025-08-04 20:50:04.914681","I interacted with Anna's glove","Anna's glove? What exactly are you doing right now?","False"
"c4cb40fb22df34e7d723899f0b5dee3c","2025-08-04 20:56:37.814360","I am in a data recreation simulation of what happened at the landing site.","A data recreation simulation? So you're seeing what went down there, like a re-run of the whole mess?","False"
"c4cb40fb22df34e7d723899f0b5dee3c","2025-08-04 20:57:01.244274","Pretty much. Just a snapshot.","A snapshot, huh? Hoss and Barron had me tied up with duct tape before we even touched down. And Anna just stood there, watching the whole thing go down.","False"
"3ce93a66cffc38124c660233756441d6","2025-08-04 20:33:14.051734","[An Event has occured]: You try to turn on your wrist navigation device.","Woah, my watch just buzzed! What did you do?","True"
"3ce93a66cffc38124c660233756441d6","2025-08-04 20:33:33.503986","I just touched something- a watch.","A watch? What exactly did you touch? Maybe there's some life in it after all!","False"
"3ce93a66cffc38124c660233756441d6","2025-08-04 20:39:46.847237","I touched Anna's glove.","Anna's glove?! What was it doing there? Did you find anything else around it?","False"
"3ce93a66cffc38124c660233756441d6","2025-08-04 20:40:37.560063","It is in a recreation","A recreation? Are you saying this whole asteroid, the mining, Hoss and Barron...","False"
"3ce93a66cffc38124c660233756441d6","2025-08-04 20:49:37.581449","[An Event has occured]: You try to turn on your wrist navigation device.","Hold on, my watch just buzzed again! Tell me your process!","True"
"6f9ecdb8a1e164d8362904f92638f956","2025-08-04 20:32:35.867640","[An Event has occured]: You try to turn on your wrist navigation device.","Whoa, my watch just buzzed! I'm gonna check to see if it still works after that.","True"
"730403d74b2616bb3c887fa64f6fa17c","2025-08-04 20:30:51.296560","[An Event has occured]: You try to turn on your wrist navigation device.","Whoa, my watch just buzzed! I'm about to press every single button on this broken navigation device, this is my Hail Mary!","True"
"b1d517a8fd256e2889ab6d58ef8bc272","2025-08-04 20:25:52.077325","[An Event has occured]: Someone has finally responded to your SOS broadcast!","Hello?! Someone heard me!","True"
"b1d517a8fd256e2889ab6d58ef8bc272","2025-08-04 20:25:59.710874","I'm here to help","Wait a minute... The one who said this would be a piece of cake?","False"
"b1d517a8fd256e2889ab6d58ef8bc272","2025-08-04 20:30:19.419102","[An Event has occured]: You try to turn on your wrist navigation device.","Woah! I'm gonna hit every button on this broken navigation device—it's my Hail Mary!","True"
"2595eac2b35fbca228588b6d1cd163a3","2025-08-04 20:25:22.745600","Not sending a rescue ship","Wait, what? What are you even doing then?","False"
"2595eac2b35fbca228588b6d1cd163a3","2025-08-04 20:25:37.781650","[An Event has occured]: Someone has finally responded to your SOS broadcast!","Hello?! Someone heard me!","True"
"6c47fa81107739f9a09d0f5a378921f5","2025-08-04 20:24:47.056782","I work for NASA","NASA, huh? I was starting to think I'd die out here talking to myself. Your voice sounds familiar.","False"
"6c47fa81107739f9a09d0f5a378921f5","2025-08-04 20:27:51.145615","[An Event has occured]: Someone has finally responded to your SOS broadcast!","Hello?! Someone heard me! It's DK, the greatest wide receiver in the NFL, stranded out here!","True"
"bee320a267e4adbc9601558b55936792","2025-08-04 20:23:20.838343","[An Event has occured]: Someone has finally responded to your SOS broadcast!","Hello?! Someone heard me! It's DK, the greatest wide receiver in the NFL, stranded out here!","True"
"bee320a267e4adbc9601558b55936792","2025-08-04 20:23:32.087449","hello","Well, damn! Who is this?!","False"
"bee320a267e4adbc9601558b55936792","2025-08-04 20:23:57.608973","This is Ron Swanson","Ron? Man, I thought I was a goner out here!","False"
"789ed29074c44ebba6db75d2363b63d8","2025-08-04 20:22:18.390706","[An Event has occured]: Someone has finally responded to your SOS broadcast!","Hello?! Someone heard me! It's DK, is anyone out there?","True"
"789ed29074c44ebba6db75d2363b63d8","2025-08-04 20:22:32.238263","Hello","Well, damn! Y’all heard me?! I… I thought it was over. I thought nobody was going to ever answer this! The SOS really worked!","False"
"789ed29074c44ebba6db75d2363b63d8","2025-08-04 20:23:01.678207","I'm not on the asteroid.","This ain't no game, man! What do you mean you're not on the asteroid?","False"
"0241dabdba4f0fbf26ecd5d4ecec4a97","2025-08-04 20:21:32.399927","[An Event has occured]: Someone has finally responded to your SOS broadcast!","Hello?! Someone heard me! It's DK, is anyone out there?","True"
"0241dabdba4f0fbf26ecd5d4ecec4a97","2025-08-04 20:21:42.066649","hello","Hello? is that you, the NASA analyst?","False"
"ce2d4a5c2bfe82e7b7beded2ac3d49a3","2025-08-04 20:20:27.434648","[An Event has occured]: Someone has finally responded to your SOS broadcast!","Hello?! Someone heard me! I thought I was a goner out here.","True"
"ce2d4a5c2bfe82e7b7beded2ac3d49a3","2025-08-04 20:20:41.751265","WHo is this?","Wait, is that you? Man, am I glad to hear your voice!","False"
"ce2d4a5c2bfe82e7b7beded2ac3d49a3","2025-08-04 20:21:04.425388","I think we spoke before","This ain't no game, man, this is real life! Are you gonna come get me or what?","False"
"1fa406d8-a55b-47c6-93ae-4f595b78642b","2025-08-04 07:47:00.778104","Hey, Adi there.","Hello? ! Oh thank god! Someone heard me! It's DK.","False"
"1fa406d8-a55b-47c6-93ae-4f595b78642b","2025-08-04 07:47:14.764096","Are you there?","Adi? Is that you? Did we talk before the mission?","False"
"69fe6b7a-a9bf-4bdf-acb5-da69d5a59555","2025-08-04 07:45:24.535659","Hey. You hear me?","Hello? ! Oh thank god! Someone heard me! It's DK.","False"
"69fe6b7a-a9bf-4bdf-acb5-da69d5a59555","2025-08-04 07:45:27.750320","","Hello? ! Oh thank god! Someone heard me! It's DK.","False"
"69fe6b7a-a9bf-4bdf-acb5-da69d5a59555","2025-08-04 07:46:09.122138","Hey, Aditi.","Aditi? No, it's DK. Have we spoken before? Are you with the mission crew?","False"
"8548dbe1-5ee9-48f4-812d-617b2b7795d3","2025-08-01 22:59:29.334312","[An Event has occurred]: Someone has finally responded to your SOS broadcast!","Hello? ! Oh thank god! Someone heard me! It's DK.","False"
"6715ba26-a988-4485-baa1-3a7f0e7e4b7d","2025-08-01 21:37:48.272423","[An Event has occurred]: Someone has finally responded to your SOS broadcast!","Hello? ! Oh thank god! Someone heard me! It's DK.","False"
"6715ba26-a988-4485-baa1-3a7f0e7e4b7d","2025-08-01 21:38:34.928468","[An Event has occurred]: You try to turn on your wrist navigation device.","What are you looking at? Can you explain what you're doing with that device?","False"
"6715ba26-a988-4485-baa1-3a7f0e7e4b7d","2025-08-01 21:42:15.993633","[An Event has occurred]: The user found the batteries you need! Now all they need to find is the oxygen!","Nice! You found the batteries! Now we just need to locate some oxygen, then I can get this navigation device powered up.","False"
"6715ba26-a988-4485-baa1-3a7f0e7e4b7d","2025-08-01 21:42:23.326649","[An Event has occurred]: The player found both oxygen and batteries! Thank them, and tell them you knew you could count on them.","You found both the oxygen and the batteries! Thank you so much, I knew I could count on you to come through.","False"
"eab98045-ec0f-455c-abb9-53e6fa9340cb","2025-08-01 20:50:45.757047","[An Event has occurred]: Someone has finally responded to your SOS broadcast!","Hello? ! Oh thank god! Someone heard me! It's DK.","False"
"42df174a-5026-4bb1-81d5-32505c1d7015","2025-08-01 00:39:09.303559","[An Event has occurred]: You try to turn on your wrist navigation device.","Hello? ! Oh thank god! Someone heard me! It's DK.","False"
"e7b5fa18-70ab-4552-ade8-b67377053755","2025-08-01 00:27:03.372894","[An Event has occurred]: Someone has finally responded to your SOS broadcast!","Hello? ! Oh thank god! Someone heard me! It's DK.","False"
"5f3450be-1e75-4e80-9d48-31092db78bf3","2025-08-01 00:23:00.111251","[An Event has occurred]: Someone has finally responded to your SOS broadcast!","Hello? ! Oh thank god! Someone heard me! It's DK.","False"
"b76dc8bf-6e0d-47bc-aa19-93d0eebf9859","2025-08-01 00:20:31.543355","[An Event has occurred]: Someone has finally responded to your SOS broadcast!","Hello? ! Oh thank god! Someone heard me! It's DK.","False"
